{"loss/surrogate_loss":-0.0032725811809882544,"episode/rew_termination":-0.004973958246409893,"_step":364,"episode/rew_dof_vel":-0.0001899730268632993,"_timestamp":1.744893606073321e+09,"loss/value_function":0.5571011036634446,"train/mean_episode_length":524.57,"train/mean_reward":33.44947477340698,"episode/rew_stand_still":0,"_wandb":{"runtime":2412},"episode/rew_tracking_lin_vel_x":1.7180805206298828,"fps":10843,"episode/rew_collision":-0.00846155732870102,"episode/rew_tracking_ang_vel":0.316527783870697,"episode/rew_action_rate":-0.044498395174741745,"learning_rate":0.0002562890625000001,"episode/rew_pitch":0.0847964882850647,"episode/rew_dof_pos_limits":-0.0002778837806545198,"episode/rew_terrain_height":0,"episode/rew_torques":-0.04941445589065552,"episode/rew_ang_vel_xy":-0.1092909425497055,"episode/rew_dof_acc":-0.4697731137275696,"episode/rew_tracking_lin_vel_y":0.4311264455318451,"episode/rew_feet_air_time":-0.12400522083044052,"_runtime":2412.002223105,"episode/rew_orientation":-0.056474216282367706}