{"train/mean_episode_length":465.83,"fps":13434,"episode/rew_feet_air_time":-0.1930403709411621,"episode/rew_pitch":0.08068671077489853,"train/mean_reward":30.40336291193962,"episode/rew_tracking_lin_vel_y":0.38061627745628357,"episode/rew_tracking_ang_vel":0.3013876676559448,"_timestamp":1.7449113959260552e+09,"episode/rew_dof_vel":-0.00018216452735941857,"episode/rew_collision":-0.007613652851432562,"episode/rew_stand_still":0,"learning_rate":7.593750000000004e-05,"loss/value_function":0.5467590689659119,"_step":366,"episode/rew_action_rate":-0.031155254691839218,"episode/rew_torques":-0.023387201130390167,"episode/rew_dof_pos_limits":-0.00017270042735617608,"_runtime":2332.088294931,"episode/rew_terrain_height":0,"episode/rew_tracking_lin_vel_x":1.5415093898773193,"episode/rew_orientation":-0.045871805399656296,"loss/surrogate_loss":0.0008506899752319441,"_wandb":{"runtime":2332},"episode/rew_termination":-0.004999999888241291,"episode/rew_ang_vel_xy":-0.09622101485729218,"episode/rew_dof_acc":-0.35644978284835815}