{"episode/rew_terrain_height":0,"episode/rew_tracking_lin_vel_y":0.774930477142334,"episode/rew_collision":-0.009368889033794403,"_timestamp":1.7447143762529602e+09,"episode/rew_feet_air_time":-0.16109782457351685,"fps":10375,"episode/rew_dof_pos_limits":-6.129806024546269e-06,"episode/rew_termination":-0.0005749999545514584,"episode/rew_dof_vel":-0.0002580116270110011,"loss/surrogate_loss":-0.00205188313848339,"episode/rew_pitch":0.7654643058776855,"episode/rew_tracking_lin_vel_x":0.4863901138305664,"_step":92,"episode/rew_orientation":-0.0582352951169014,"episode/rew_stand_still":0,"episode/rew_torques":-0.0796063095331192,"episode/rew_action_rate":-0.02270706556737423,"_runtime":599.958948964,"_wandb":{"runtime":599},"episode/rew_ang_vel_xy":-0.10867838561534882,"learning_rate":0.0002962962962962964,"episode/rew_tracking_ang_vel":0.925743818283081,"episode/rew_dof_acc":-0.3338768184185028,"train/mean_episode_length":1081.19,"loss/value_function":0.06317953653633594,"train/mean_reward":54.697821922302246}