{"train/mean_episode_length":1039.77,"episode/rew_action_rate":-0.03529055416584015,"_wandb":{"runtime":402},"episode/rew_foot_clearance":0,"episode/rew_stand_still":0,"_timestamp":1.7446501813996637e+09,"episode/rew_tracking_ang_vel":0.11922414600849152,"train/mean_reward":21.656850662231445,"learning_rate":0.0005766503906250003,"episode/rew_orientation":-0.015654589980840683,"episode/rew_dof_acc":-0.5624908208847046,"episode/rew_feet_air_time":-0.09408527612686157,"episode/rew_tracking_lin_vel":1.1466752290725708,"episode/rew_pitch_forward":-0.0889805406332016,"_step":90,"episode/rew_lin_vel_z":-0.20706388354301453,"episode/rew_dof_pos_limits":-4.726737643068191e-06,"episode/rew_termination":-0.00032513891346752644,"fps":17239,"loss/surrogate_loss":-0.0010075456091726664,"episode/rew_ang_vel_xy":-0.15275323390960693,"episode/rew_dof_vel":-0.00028849823866039515,"episode/rew_torques":-0.778410792350769,"_runtime":402.017934204,"episode/rew_collision":-0.0024322220124304295,"loss/value_function":0.5250682219862938,"episode/rew_base_height":1.5352133512496948}