{"_wandb":{"runtime":5327},"episode/rew_torques":-0.055758338421583176,"_timestamp":1.7449652483071516e+09,"loss/surrogate_loss":-0.002660439808823867,"episode/rew_tracking_lin_vel_y":0.768958568572998,"train/mean_reward":139.7459544312954,"episode/rew_dof_pos_limits":-0.002850511111319065,"episode/rew_pitch":0.3928298354148865,"episode/rew_collision":-0.028247222304344177,"episode/rew_stand_still":0,"episode/rew_termination":-0.0006284722476266325,"episode/rew_dof_vel":-0.00023467998835258186,"episode/rew_action_rate":-0.22392061352729797,"episode/rew_ang_vel_xy":-0.11170228570699692,"loss/value_function":0.9977487772703171,"_step":1199,"fps":29938,"episode/rew_tracking_lin_vel_x":2.201310873031616,"_runtime":5327.31025484,"train/mean_episode_length":922.57,"episode/rew_tracking_ang_vel":0.6585740447044373,"episode/rew_dof_acc":-0.680968165397644,"episode/rew_feet_air_time":-0.1483117789030075,"episode/rew_orientation":-0.05995820462703705,"episode/rew_terrain_height":4.25879430770874,"learning_rate":0.00038443359375000017}