{"episode/rew_dof_pos_limits":-7.564103725599125e-07,"episode/rew_orientation":-0.005563043057918549,"_step":12,"episode/rew_feet_air_time":-0.04447847232222557,"_wandb":{"runtime":59},"episode/rew_foot_clearance":0.01171186938881874,"loss/value_function":2.010298192501068,"_timestamp":1.7446943288678088e+09,"train/mean_episode_length":471.17,"episode/rew_dof_vel":-0.00013060546189080924,"episode/rew_dof_acc":-0.17869466543197632,"episode/rew_action_rate":-0.009359847754240036,"episode/rew_base_height":1.4945672750473022,"episode/rew_pitch":-0.23654484748840332,"episode/rew_lin_vel_z":-0.21187876164913177,"_runtime":59.834396411,"episode/rew_collision":-0.0005737830651924014,"episode/rew_stand_still":0,"fps":19429,"learning_rate":7.593750000000004e-05,"episode/rew_torques":-0.03726430609822273,"episode/rew_termination":-0.0006584656657651067,"train/mean_reward":40.236794519424436,"episode/rew_tracking_lin_vel":0.8771606683731079,"loss/surrogate_loss":0.021438400365877897,"episode/rew_tracking_ang_vel":0.06025927513837814,"episode/rew_ang_vel_xy":-0.06997331231832504}