{"episode/rew_orientation":-0.041310809552669525,"fps":10932,"episode/rew_pitch":0.1356239914894104,"loss/value_function":0.36784181743860245,"loss/surrogate_loss":-0.0007966913999553071,"_wandb":{"runtime":3305},"episode/rew_torques":-0.03718734532594681,"episode/rew_dof_vel":-0.0001356320281047374,"episode/rew_tracking_ang_vel":0.22108352184295654,"episode/rew_action_rate":-0.04895215481519699,"_step":483,"episode/rew_terrain_height":2.7499997941049514e-06,"_runtime":3305.833088941,"episode/rew_tracking_lin_vel_y":0.315276563167572,"episode/rew_collision":-0.002927836962044239,"learning_rate":0.00017085937500000009,"episode/rew_dof_acc":-0.4265720844268799,"episode/rew_keep_straight":-0.00034636943018995225,"episode/rew_feet_air_time":-0.08956380933523178,"train/mean_episode_length":524.03,"_timestamp":1.7447823644206247e+09,"episode/rew_stand_still":0,"episode/rew_termination":-0.002400000113993883,"episode/rew_tracking_lin_vel_x":1.2858370542526245,"train/mean_reward":32.36090578973293,"episode/rew_dof_pos_limits":-0.0004173019842710346,"episode/rew_ang_vel_xy":-0.09580569714307785}