{"learning_rate":2.2500000000000005e-05,"episode/rew_stand_still":0,"train/mean_reward":134.20642351269723,"episode/rew_dof_vel":-0.00030956504633650184,"episode/rew_orientation":-0.014373700134456158,"episode/rew_base_height":3.7852487564086914,"fps":22743,"episode/rew_foot_clearance":0.013492117635905743,"episode/rew_dof_acc":-0.6365720629692078,"episode/rew_tracking_ang_vel":0.10199818015098572,"loss/surrogate_loss":0.002724665531422943,"episode/rew_collision":-0.001996111124753952,"_runtime":781.211021841,"episode/rew_lin_vel_z":-0.354703426361084,"episode/rew_termination":-0.00029861112125217915,"episode/rew_torques":-0.07953687012195587,"_timestamp":1.7446954671726425e+09,"episode/rew_action_rate":-0.03989509865641594,"episode/rew_feet_air_time":-0.09856006503105164,"_step":192,"train/mean_episode_length":1005.94,"_wandb":{"runtime":781},"episode/rew_dof_pos_limits":-4.901565262116492e-06,"episode/rew_pitch":-0.040064290165901184,"loss/value_function":1.2009754002094268,"episode/rew_tracking_lin_vel":2.9582905769348145,"episode/rew_ang_vel_xy":-0.20407025516033173}