{"_step":118,"episode/rew_collision":-0.005751398857682943,"episode/rew_ang_vel_xy":-0.10288482159376144,"episode/rew_torques":-0.049333713948726654,"loss/surrogate_loss":-0.0010745041799964383,"loss/value_function":0.8622359514236451,"episode/rew_action_rate":-0.02167951688170433,"_wandb":{"runtime":633},"episode/rew_dof_vel":-0.0001833760179579258,"episode/rew_termination":-0.0022311904467642307,"episode/rew_stand_still":0,"episode/rew_tracking_lin_vel_y":0.3923839032649994,"train/mean_reward":42.68051867246628,"learning_rate":0.00017085937500000006,"episode/rew_terrain_height":-0.21487289667129517,"episode/rew_orientation":-0.037717826664447784,"episode/rew_tracking_lin_vel_x":1.9061650037765503,"episode/rew_feet_air_time":-0.12502776086330414,"_timestamp":1.7447944498107905e+09,"fps":22610,"train/mean_episode_length":566.31,"episode/rew_dof_acc":-0.30096590518951416,"_runtime":633.707056717,"episode/rew_displacement_x":0.010426024906337261,"episode/rew_dof_pos_limits":-1.5396091839647852e-05,"episode/rew_pitch":0.14373238384723663,"episode/rew_tracking_ang_vel":0.2569626569747925}