{"episode/rew_foot_clearance":0.009664533659815788,"episode/rew_termination":-0.00064261065563187,"loss/surrogate_loss":0.0070423797073999594,"episode/rew_dof_pos_limits":-8.368983799300622e-07,"episode/rew_lin_vel_z":-0.19727084040641785,"_wandb":{"runtime":49},"train/mean_reward":40.60344414025545,"episode/rew_collision":-0.00043134920997545123,"episode/rew_dof_vel":-0.00011331391579005867,"episode/rew_ang_vel_xy":-0.06030645966529846,"episode/rew_feet_air_time":-0.04250430315732956,"learning_rate":0.00038443359375000017,"_runtime":49.068734877,"fps":24091,"episode/rew_action_rate":-0.008348229341208935,"episode/rew_tracking_ang_vel":0.053656190633773804,"episode/rew_orientation":-0.0037060545291751623,"_timestamp":1.744695641176578e+09,"episode/rew_stand_still":0,"episode/rew_base_height":1.2791376113891602,"episode/rew_tracking_lin_vel":0.7625376582145691,"episode/rew_pitch":-0.00473364070057869,"episode/rew_torques":-0.0326119065284729,"_step":10,"episode/rew_dof_acc":-0.16104856133460999,"train/mean_episode_length":431.45,"loss/value_function":1.243960678577423}