{"episode/rew_feet_air_time":-0.032672882080078125,"episode/rew_collision":-0.000370920606656,"episode/rew_dof_vel":-0.00010663668945198879,"episode/rew_lin_vel_z":-0.18778906762599945,"train/mean_episode_length":374.99,"episode/rew_tracking_ang_vel":0.04807965084910393,"train/mean_reward":33.31627249240875,"episode/rew_torques":-0.030049655586481094,"episode/rew_termination":-0.0007151879253797233,"_wandb":{"runtime":59},"_timestamp":1.7446946724456868e+09,"episode/rew_action_rate":-0.007361828349530697,"episode/rew_foot_clearance":0.009737363085150719,"learning_rate":1e-05,"loss/surrogate_loss":0.01183818001882173,"episode/rew_dof_acc":-0.14274606108665466,"episode/rew_stand_still":0,"_runtime":59.860980734,"episode/rew_orientation":-0.0047804322093725204,"episode/rew_dof_pos_limits":-9.237683116225526e-07,"_step":11,"loss/value_function":1.5115416646003723,"episode/rew_tracking_lin_vel":0.7074369192123413,"episode/rew_ang_vel_xy":-0.0571771077811718,"episode/rew_base_height":1.1766904592514038,"fps":20389,"episode/rew_pitch":-0.1741245985031128}