{"episode/rew_foot_clearance":0,"episode/rew_feet_air_time":-0.03487765043973923,"train/mean_episode_length":313.91,"episode/rew_tracking_ang_vel":0.0410638190805912,"episode/rew_base_height":0.3779848515987396,"_timestamp":1.7446493134941385e+09,"_wandb":{"runtime":29},"_runtime":29.813143431,"fps":25498,"train/mean_reward":4.259451363086701,"episode/rew_action_rate":-0.005920092575252056,"episode/rew_stand_still":0,"episode/rew_dof_acc":-0.11754325032234192,"episode/rew_orientation":-0.0018352590268477798,"episode/rew_lin_vel_z":-0.0387185774743557,"_step":6,"episode/rew_ang_vel_xy":-0.039575379341840744,"loss/surrogate_loss":-0.003702960870577954,"learning_rate":0.0008649755859375004,"episode/rew_dof_vel":-7.66438533901237e-05,"episode/rew_termination":-0.0003208333218935877,"episode/rew_dof_pos_limits":-1.633414115076448e-07,"episode/rew_collision":0,"episode/rew_tracking_lin_vel":0.2117396593093872,"episode/rew_torques":-0.22702309489250183,"loss/value_function":0.035123181995004416}