{"episode/rew_feet_air_time":-0.2526944875717163,"episode/rew_dof_acc":-0.9019314646720886,"episode/rew_pitch":0.4009386897087097,"episode/rew_ang_vel_xy":-0.1911376714706421,"loss/value_function":0.4756956994533539,"episode/rew_stand_still":0,"episode/rew_termination":-0.0002791666775010526,"episode/rew_collision":-0.005813888274133205,"_wandb":{"runtime":2234},"episode/rew_torques":-0.08966567367315292,"_timestamp":1.7448808529167657e+09,"episode/rew_terrain_height":2.6433510780334473,"learning_rate":3.3750000000000014e-05,"fps":33012,"episode/rew_dof_pos_limits":-0.0007401179755106568,"episode/rew_dof_vel":-0.0003387474571354687,"_step":484,"episode/rew_action_rate":-0.08760905265808105,"episode/rew_tracking_lin_vel_x":3.3879146575927734,"episode/rew_tracking_ang_vel":0.7252161502838135,"episode/rew_orientation":-0.04097910597920418,"train/mean_episode_length":1164.78,"_runtime":2234.612068525,"train/mean_reward":157.7297012901306,"loss/surrogate_loss":0.008290936797857284,"episode/rew_tracking_lin_vel_y":0.832720160484314}