{"episode/rew_action_rate":-0.005040248855948448,"episode/rew_ang_vel_xy":-0.03290456533432007,"episode/rew_base_height":0.7162684202194214,"loss/surrogate_loss":-0.00306205493179732,"_runtime":28.853347599,"episode/rew_pitch":-0.2647852599620819,"episode/rew_feet_air_time":-0.028805948793888092,"episode/rew_foot_clearance":0.005163703113794327,"train/mean_reward":11.517197692394257,"fps":23073,"_step":5,"episode/rew_dof_pos_limits":-6.765714033463155e-07,"episode/rew_lin_vel_z":-0.17008167505264282,"episode/rew_orientation":-0.0004945191903971136,"episode/rew_stand_still":0,"episode/rew_tracking_ang_vel":0.03448798507452011,"_wandb":{"runtime":28},"_timestamp":1.744694254494337e+09,"train/mean_episode_length":259.95,"episode/rew_dof_vel":-6.371433846652508e-05,"episode/rew_tracking_lin_vel":0.34267863631248474,"episode/rew_collision":-0.0004922222578898072,"episode/rew_torques":-0.01901068165898323,"episode/rew_dof_acc":-0.09879757463932037,"learning_rate":0.0002562890625000001,"loss/value_function":0.9055463254451752,"episode/rew_termination":-2.8888889573863707e-05}