{"fps":10974,"episode/rew_torques":-0.028084268793463707,"episode/rew_tracking_lin_vel_x":1.5724449157714844,"episode/rew_tracking_lin_vel_y":0.46594637632369995,"episode/rew_dof_acc":-0.4740370213985443,"episode/rew_orientation":-0.058745600283145905,"episode/rew_dof_pos_limits":-0.0004576036590151489,"episode/rew_pitch":0.10311256349086761,"episode/rew_tracking_ang_vel":0.3586690425872803,"episode/rew_action_rate":-0.04288114234805107,"episode/rew_displacement_y":-0.1934516876935959,"_step":400,"episode/rew_collision":-0.007104860618710518,"loss/surrogate_loss":-0.004089430710155284,"episode/rew_stand_still":0,"loss/value_function":0.3506696239113808,"_runtime":2808.838628637,"_timestamp":1.7449013022278266e+09,"learning_rate":0.0002562890625000001,"episode/rew_feet_air_time":-0.1612565815448761,"train/mean_episode_length":586.78,"episode/rew_ang_vel_xy":-0.11697858572006226,"_wandb":{"runtime":2808},"episode/rew_terrain_height":2.0312494598329067e-05,"train/mean_reward":28.266238055229188,"episode/rew_dof_vel":-0.0002244121569674462,"episode/rew_termination":-0.004406002350151539}