{"learning_rate":0.00011390625000000006,"episode/rew_dof_vel":-8.972344221547246e-05,"episode/rew_dof_pos_limits":-9.756927283888217e-07,"fps":25525,"episode/rew_tracking_lin_vel":0.2367243617773056,"episode/rew_feet_air_time":-0.021604370325803757,"episode/rew_foot_clearance":0.013911138288676739,"episode/rew_collision":-0.00026968916063196957,"episode/rew_base_height":0.3830721378326416,"train/mean_reward":-8.268368327394128,"loss/surrogate_loss":0.003589261786692077,"_timestamp":1.7446508229599545e+09,"train/mean_episode_length":310.42,"_runtime":82.822209701,"episode/rew_tracking_ang_vel":0.03937765583395958,"episode/rew_ang_vel_xy":-0.04516821354627609,"_wandb":{"runtime":82},"episode/rew_action_rate":-0.006044561974704266,"episode/rew_lin_vel_z":-0.18104609847068787,"episode/rew_termination":-0.0007730820216238499,"episode/rew_pitch_forward":-0.38638052344322205,"episode/rew_orientation":-0.00572944525629282,"episode/rew_stand_still":0,"_step":18,"episode/rew_torques":-0.24792322516441345,"loss/value_function":0.35076348632574084,"episode/rew_dof_acc":-0.11147920787334442}