{"episode/rew_dof_vel":-8.894190978026018e-05,"episode/rew_orientation":-0.007396246772259474,"episode/rew_dof_pos_limits":-3.8077823205640016e-07,"_step":24,"episode/rew_tracking_lin_vel":0.2527008056640625,"loss/surrogate_loss":0.0005569692602875875,"loss/value_function":0.13718135878443719,"train/mean_reward":3.055355229899287,"episode/rew_foot_clearance":0,"fps":24935,"_runtime":100.814516972,"episode/rew_pitch_forward":-0.11351706087589264,"_wandb":{"runtime":100},"episode/rew_termination":-0.0007948413258418441,"episode/rew_collision":-0.00014166664914228022,"episode/rew_ang_vel_xy":-0.040119826793670654,"episode/rew_dof_acc":-0.11071115732192993,"episode/rew_stand_still":0,"episode/rew_tracking_ang_vel":0.038735438138246536,"_timestamp":1.7446497507690108e+09,"train/mean_episode_length":317.43,"episode/rew_action_rate":-0.006367688067257404,"episode/rew_lin_vel_z":-0.048674326390028,"episode/rew_torques":-0.24185892939567566,"learning_rate":0.00038443359375000017,"episode/rew_base_height":0.39764469861984253,"episode/rew_feet_air_time":-0.015513932332396507}