{"episode/rew_lin_vel_z":-0.1083078384399414,"_step":707,"episode/rew_ang_vel_xy":-0.042985498905181885,"episode/rew_foot_clearance":0.018414996564388275,"_wandb":{"runtime":3078},"fps":19753,"episode/rew_pitch_forward":-0.05215143784880638,"episode/rew_feet_air_time":-0.1004217267036438,"episode/rew_tracking_ang_vel":0.1283692717552185,"episode/rew_orientation":-0.02898494526743889,"episode/rew_action_rate":-0.12669852375984192,"loss/value_function":0.11412058658897876,"episode/rew_torques":-0.98838871717453,"learning_rate":0.00011390625000000006,"_timestamp":1.7446544622610228e+09,"episode/rew_stand_still":0,"episode/rew_base_height":1.5709080696105957,"train/mean_reward":31.946075508594515,"loss/surrogate_loss":-0.002844577243922686,"train/mean_episode_length":1039.11,"episode/rew_dof_acc":-0.3499532639980316,"episode/rew_dof_pos_limits":-0.003711035940796137,"_runtime":3078.275098246,"episode/rew_termination":-0.0004972222377546132,"episode/rew_collision":-0.0028388879727572203,"episode/rew_tracking_lin_vel":1.3661799430847168,"episode/rew_dof_vel":-8.805412653600797e-05}