{"_step":47,"_runtime":199.247286137,"episode/rew_tracking_ang_vel":0.121568962931633,"train/mean_reward":20.10925205796957,"episode/rew_dof_vel":-0.0002935748198069632,"episode/rew_orientation":-0.0163080133497715,"episode/rew_torques":-0.8191924095153809,"episode/rew_tracking_lin_vel":1.1194157600402832,"episode/rew_collision":-0.0019056744640693069,"_wandb":{"runtime":199},"episode/rew_foot_clearance":-0.11613214015960693,"loss/surrogate_loss":0.002045748563250527,"episode/rew_base_height":1.531014323234558,"episode/rew_dof_acc":-0.46186715364456177,"fps":21026,"loss/value_function":0.4499078467488289,"episode/rew_pitch_forward":-0.12079457938671112,"episode/rew_dof_pos_limits":-3.8146933434290986e-07,"episode/rew_ang_vel_xy":-0.15210825204849243,"_timestamp":1.7446504027033691e+09,"episode/rew_termination":-0.0004096428747288883,"train/mean_episode_length":1080.15,"learning_rate":0.00038443359375000017,"episode/rew_lin_vel_z":-0.23030626773834229,"episode/rew_action_rate":-0.025843482464551926,"episode/rew_feet_air_time":-0.07787402719259262,"episode/rew_stand_still":0}