{"loss/value_function":0.20871175527572633,"episode/rew_tracking_lin_vel_x":0.0973677784204483,"episode/rew_stand_still":0,"episode/rew_dof_acc":-0.25760748982429504,"learning_rate":0.00017085937500000009,"_wandb":{"runtime":210},"episode/rew_tracking_lin_vel_y":1.165579915046692,"episode/rew_terrain_height":0,"episode/rew_pitch":1.1843159198760986,"loss/surrogate_loss":0.0011434201485826633,"train/mean_reward":61.29948233604431,"train/mean_episode_length":812.12,"episode/rew_tracking_ang_vel":0.5129615068435669,"episode/rew_feet_air_time":-0.15253028273582458,"episode/rew_dof_pos_limits":-9.343178817289299e-07,"episode/rew_ang_vel_xy":-0.07311725616455078,"episode/rew_tracking_lin_vel":0.04343275725841522,"episode/rew_action_rate":-0.015253126621246338,"episode/rew_termination":-0.001465833280235529,"_timestamp":1.744713761159602e+09,"_runtime":210.990655615,"episode/rew_torques":-0.05649946630001068,"_step":45,"episode/rew_collision":-0.0007291666115634143,"fps":22683,"episode/rew_orientation":-0.033292535692453384,"episode/rew_dof_vel":-0.0001826612133299932}