{"episode/rew_terrain_height":0.00013053124712314457,"episode/rew_dof_vel":-0.0001560369273647666,"episode/rew_ang_vel_xy":-0.09665664285421371,"episode/rew_termination":-0.0021975000854581594,"_timestamp":1.7447411650474865e+09,"train/mean_episode_length":623.46,"fps":11834,"learning_rate":0.0005766503906250003,"episode/rew_tracking_lin_vel_y":0.4058021008968353,"train/mean_reward":37.32048721313477,"episode/rew_keep_straight":-0.0007703836890868843,"_step":489,"episode/rew_dof_acc":-0.4265105128288269,"episode/rew_feet_air_time":-0.08257627487182617,"_wandb":{"runtime":3145},"episode/rew_dof_pos_limits":-0.0007198776002041996,"episode/rew_pitch":0.17424486577510834,"episode/rew_collision":-0.004054166376590729,"episode/rew_torques":-0.04810509830713272,"_runtime":3145.706657987,"loss/surrogate_loss":-0.0036442132626689273,"episode/rew_tracking_lin_vel_x":1.3712453842163086,"episode/rew_stand_still":0,"episode/rew_orientation":-0.044527020305395126,"episode/rew_tracking_ang_vel":0.29539164900779724,"loss/value_function":0.3769713193178177,"episode/rew_action_rate":-0.04660932719707489}