{"loss/surrogate_loss":0.005513491633973899,"episode/rew_pitch":0.4008638262748718,"learning_rate":7.593750000000004e-05,"_wandb":{"runtime":4511},"episode/rew_dof_pos_limits":-0.0021807635203003883,"episode/rew_torques":-0.05375799536705017,"episode/rew_action_rate":-0.25305646657943726,"_timestamp":1.7449543826879854e+09,"episode/rew_tracking_lin_vel_y":0.804248034954071,"episode/rew_collision":-0.032634228467941284,"train/mean_episode_length":978.99,"_step":999,"fps":29916,"episode/rew_terrain_height":3.9310317039489746,"episode/rew_dof_vel":-0.00034449039958417416,"episode/rew_termination":-0.0003559027973096818,"loss/value_function":0.8926527619361877,"episode/rew_tracking_lin_vel_x":2.2730088233947754,"episode/rew_orientation":-0.05873018503189087,"_runtime":4511.345448567,"episode/rew_dof_acc":-0.532841682434082,"episode/rew_feet_air_time":-0.1950204074382782,"train/mean_reward":135.15042665481567,"episode/rew_ang_vel_xy":-0.2670830190181732,"episode/rew_stand_still":0,"episode/rew_tracking_ang_vel":0.6095960736274719}