{"fps":17522,"loss/value_function":0.6349269121885299,"episode/rew_terrain_height":0.00032723339973017573,"episode/rew_tracking_lin_vel_x":1.297244906425476,"_timestamp":1.7448957885940516e+09,"loss/surrogate_loss":-0.0009191792516503483,"_step":129,"episode/rew_tracking_ang_vel":0.23848365247249603,"train/mean_episode_length":390.84,"_wandb":{"runtime":695},"episode/rew_pitch":0.0764409601688385,"episode/rew_ang_vel_xy":-0.08572487533092499,"learning_rate":0.0005766503906250003,"episode/rew_termination":-0.0047776540741324425,"episode/rew_action_rate":-0.01738954335451126,"episode/rew_orientation":-0.04436349868774414,"episode/rew_dof_vel":-0.00016123760724440217,"episode/rew_dof_acc":-0.24062559008598328,"episode/rew_stand_still":0,"episode/rew_dof_pos_limits":-1.3430324543151073e-05,"_runtime":695.91975799,"episode/rew_collision":-0.007401670329272747,"episode/rew_torques":-0.02137591503560543,"episode/rew_tracking_lin_vel_y":0.33823078870773315,"episode/rew_displacement_y":-0.8309585452079773,"episode/rew_feet_air_time":-0.21136705577373505,"train/mean_reward":9.977892399728297}