{"episode/rew_dof_vel":-0.00029022590024396777,"episode/rew_collision":-0.00039229501271620393,"_wandb":{"runtime":1503},"episode/rew_stand_still":0,"_step":313,"loss/surrogate_loss":-0.0019690059823915364,"episode/rew_feet_air_time":-0.11933253705501556,"train/mean_reward":45.346029329299924,"episode/rew_tracking_ang_vel":0.6275023818016052,"_timestamp":1.7447058185963945e+09,"episode/rew_termination":-2.465277793817222e-05,"fps":22418,"episode/rew_lin_vel_z":-0.09225809574127197,"episode/rew_action_rate":-0.033894799649715424,"episode/rew_tracking_lin_vel":4.735678672790527,"episode/rew_ang_vel_xy":-0.05570827051997185,"_runtime":1503.064271344,"episode/rew_orientation":-0.0177955012768507,"episode/rew_torques":-0.08884155750274658,"train/mean_episode_length":497.93,"learning_rate":0.00011390625000000006,"loss/value_function":0.04505980964750052,"episode/rew_dof_acc":-0.3987971246242523,"episode/rew_dof_pos_limits":-0.000538303458597511}