{"learning_rate":0.00017085937500000009,"episode/rew_termination":-5.277778109302744e-05,"episode/rew_dof_acc":-0.38980138301849365,"episode/rew_dof_pos_limits":-0.0004180475079920143,"episode/rew_lin_vel_z":-0.07607240974903107,"episode/rew_ang_vel_xy":-0.05621115863323212,"episode/rew_action_rate":-0.03661233186721802,"_step":402,"episode/rew_pitch":-0.027912549674510956,"episode/rew_tracking_ang_vel":0.5881219506263733,"episode/rew_orientation":-0.01761821284890175,"_timestamp":1.744709842419485e+09,"episode/rew_torques":-0.09192180633544922,"episode/rew_collision":-5.5555552535224706e-05,"fps":26042,"train/mean_episode_length":731.68,"_runtime":1754.183354216,"episode/rew_feet_air_time":-0.09338387101888657,"train/mean_reward":66.25249428749085,"episode/rew_dof_vel":-0.00031199026852846146,"loss/surrogate_loss":-0.000533061972237192,"episode/rew_tracking_lin_vel":4.679460525512695,"_wandb":{"runtime":1754},"episode/rew_stand_still":0,"loss/value_function":0.06311916988343}