{"episode/rew_feet_air_time":-0.1995079517364502,"episode/rew_dof_vel":-0.00025158337666653097,"episode/rew_dof_acc":-0.492470383644104,"episode/rew_terrain_height":0,"_timestamp":1.744713083228189e+09,"episode/rew_ang_vel_xy":-0.10096031427383423,"learning_rate":0.00017085937500000009,"episode/rew_action_rate":-0.04104555770754814,"_wandb":{"runtime":677},"fps":22277,"episode/rew_orientation":-0.04551035165786743,"train/mean_episode_length":901.21,"episode/rew_lin_vel_z":-0.19947825372219086,"train/mean_reward":9.239420601129531,"_step":301,"episode/rew_collision":-0.0008477777009829879,"episode/rew_stand_still":0,"_runtime":677.526460677,"episode/rew_torques":-0.07031972706317902,"loss/surrogate_loss":-0.003420775377890095,"loss/value_function":0.5907264426350594,"episode/rew_termination":-0.0014633331447839737,"episode/rew_dof_pos_limits":-0.00026153665385209024,"episode/rew_tracking_ang_vel":0.21307146549224854,"episode/rew_tracking_lin_vel":1.433936595916748,"episode/rew_pitch":-0.15082919597625732}