{"episode/rew_dof_acc":-0.20409129559993744,"episode/rew_stand_still":0,"episode/rew_dof_pos_limits":-0.001078953966498375,"episode/rew_collision":-6.878306157886982e-05,"episode/rew_pitch":-0.013880183920264244,"_timestamp":1.7447117361374464e+09,"fps":25275,"_wandb":{"runtime":1725},"episode/rew_torques":-0.08610410988330841,"episode/rew_tracking_lin_vel":1.8666833639144897,"episode/rew_dof_vel":-0.000231192447245121,"_runtime":1725.492593778,"episode/rew_tracking_ang_vel":0.7312428951263428,"_step":416,"episode/rew_feet_air_time":-0.07120665907859802,"loss/surrogate_loss":-0.003125143764191307,"episode/rew_termination":-4.02777804993093e-05,"episode/rew_ang_vel_xy":-0.03702464699745178,"learning_rate":0.0002562890625000001,"episode/rew_lin_vel_z":-0.06859439611434937,"train/mean_episode_length":740.69,"loss/value_function":0.009964288026094437,"episode/rew_orientation":-0.019671443849802017,"train/mean_reward":30.885916069447994,"episode/rew_terrain_height":0,"episode/rew_action_rate":-0.029039185494184494}