{"episode/rew_lin_vel_z":-0.08987762033939362,"episode/rew_ang_vel_xy":-0.02267765998840332,"_runtime":19.074129635,"episode/rew_action_rate":-0.003464103676378727,"episode/rew_dof_pos_limits":-4.778343623002002e-07,"episode/rew_tracking_ang_vel":0.025979874655604362,"episode/rew_dof_acc":-0.06756740808486938,"_step":1,"episode/rew_orientation":-0.005346463527530432,"learning_rate":5.062500000000001e-05,"episode/rew_feet_air_time":-0.018377888947725296,"episode/rew_foot_clearance_front":0.03166630491614342,"episode/rew_base_height":0.09384992718696594,"fps":17136,"loss/surrogate_loss":0.0008802229014690966,"episode/rew_dof_vel":-4.640137922251597e-05,"train/mean_episode_length":83.34,"episode/rew_torques":-0.013560052961111069,"_wandb":{"runtime":19},"episode/rew_termination":-0.0001062996088876389,"_timestamp":1.74470297080333e+09,"loss/value_function":0.15416689552366733,"train/mean_reward":1.9063195371627808,"episode/rew_collision":-2.5694447685964406e-05,"episode/rew_stand_still":0,"episode/rew_tracking_lin_vel":0.21825192868709564}