{"_runtime":2639.408670163,"loss/value_function":0.4106144368648529,"episode/rew_terrain_height":1.7838538042269647e-05,"episode/rew_collision":-0.01569642871618271,"episode/rew_dof_vel":-0.00020342279458418489,"episode/rew_action_rate":-0.038453035056591034,"episode/rew_displacement_y":-0.14763885736465454,"train/mean_episode_length":545.56,"episode/rew_dof_pos_limits":-0.0003156163147650659,"_timestamp":1.7448984427572758e+09,"episode/rew_torques":-0.025575703009963036,"episode/rew_tracking_lin_vel_x":1.676898717880249,"episode/rew_tracking_lin_vel_y":0.40687471628189087,"fps":12027,"episode/rew_pitch":0.08930467814207077,"episode/rew_feet_air_time":-0.1649600714445114,"episode/rew_dof_acc":-0.43532925844192505,"_wandb":{"runtime":2639},"episode/rew_orientation":-0.06342779844999313,"episode/rew_stand_still":0,"train/mean_reward":31.2789901638031,"learning_rate":0.00038443359375000017,"loss/surrogate_loss":-0.004521797400957439,"episode/rew_tracking_ang_vel":0.3313693404197693,"episode/rew_ang_vel_xy":-0.12229608744382858,"_step":395,"episode/rew_termination":-0.00497916666790843}