{"_runtime":87.819773938,"episode/rew_tracking_lin_vel":0.22794923186302185,"episode/rew_stand_still":0,"_timestamp":1.7446505012087996e+09,"episode/rew_dof_acc":-0.10022783279418945,"episode/rew_dof_pos_limits":-1.9873463941166847e-07,"_wandb":{"runtime":87},"episode/rew_base_height":0.36939024925231934,"episode/rew_ang_vel_xy":-0.03672398254275322,"episode/rew_feet_air_time":-0.02040177956223488,"episode/rew_torques":-0.22610092163085938,"train/mean_reward":-2.903681549876928,"episode/rew_action_rate":-0.005675924476236105,"episode/rew_termination":-0.0007851851987652481,"episode/rew_orientation":-0.006378095597028732,"episode/rew_lin_vel_z":-0.05223753675818443,"episode/rew_pitch_forward":-0.2835887670516968,"episode/rew_foot_clearance":-0.03119976818561554,"learning_rate":0.0012974633789062506,"fps":25168,"episode/rew_tracking_ang_vel":0.03651423379778862,"train/mean_episode_length":281.62,"episode/rew_collision":0,"loss/surrogate_loss":0.0019400211051106453,"episode/rew_dof_vel":-8.208065992221236e-05,"loss/value_function":0.32191563695669173,"_step":18}