{"episode/rew_collision":-0.028659522533416748,"learning_rate":1.5000000000000002e-05,"_step":999,"_wandb":{"runtime":4704},"episode/rew_feet_air_time":-0.1373956799507141,"episode/rew_torques":-0.055836863815784454,"episode/rew_terrain_height":4.020106315612793,"train/mean_episode_length":940.01,"episode/rew_tracking_ang_vel":0.5706827640533447,"episode/rew_stand_still":0,"episode/rew_tracking_lin_vel_y":0.7571236491203308,"train/mean_reward":130.79189541816712,"episode/rew_dof_pos_limits":-0.0030665877275168896,"episode/rew_tracking_lin_vel_x":2.146847724914551,"episode/rew_action_rate":-0.2110365480184555,"episode/rew_termination":-0.0007934027235023677,"episode/rew_orientation":-0.07102331519126892,"episode/rew_dof_vel":-0.00023651294759474695,"episode/rew_pitch":0.35737353563308716,"loss/surrogate_loss":0.012511946438462474,"fps":30653,"_runtime":4704.811278884,"_timestamp":1.744959627616558e+09,"episode/rew_ang_vel_xy":-0.11799833178520203,"loss/value_function":1.0179384380578995,"episode/rew_dof_acc":-0.7067098617553711}