{"episode/rew_dof_vel":-0.00017619701975490898,"episode/rew_base_height":1.3968381881713867,"episode/rew_ang_vel_xy":-0.10369380563497543,"train/mean_reward":22.81563086271286,"episode/rew_collision":-0.007565277628600597,"episode/rew_action_rate":-0.043520428240299225,"train/mean_episode_length":930.58,"_step":505,"_runtime":2664.555279697,"episode/rew_torques":-0.6436421275138855,"episode/rew_stand_still":0,"_timestamp":1.7446484799447832e+09,"learning_rate":0.00038443359375000017,"episode/rew_dof_acc":-0.43914636969566345,"fps":12180,"episode/rew_foot_clearance":0,"loss/value_function":0.08807839080691338,"episode/rew_orientation":-0.006470002233982086,"loss/surrogate_loss":-0.0016165939392521977,"episode/rew_tracking_lin_vel":0.7117993235588074,"_wandb":{"runtime":2664},"episode/rew_dof_pos_limits":-0.0009271603776142001,"episode/rew_feet_air_time":-0.0699724555015564,"episode/rew_tracking_ang_vel":0.1274208128452301}