{"episode/rew_dof_vel":-0.00011359740165062249,"episode/rew_tracking_lin_vel_y":0.3616059720516205,"episode/rew_orientation":-0.006298225373029709,"_runtime":49.089799511,"episode/rew_tracking_lin_vel_x":0.045985713601112366,"episode/rew_dof_acc":-0.15123140811920166,"train/mean_episode_length":412.53,"episode/rew_terrain_height":0,"fps":22315,"_wandb":{"runtime":49},"learning_rate":0.0022499999999999994,"episode/rew_tracking_ang_vel":0.27556347846984863,"episode/rew_ang_vel_xy":-0.05634613335132599,"episode/rew_dof_pos_limits":-1.7575317201590224e-07,"episode/rew_action_rate":-0.00957915186882019,"train/mean_reward":9.772435431480408,"_step":8,"episode/rew_pitch":0.16795669496059418,"episode/rew_torques":-0.01754627749323845,"_timestamp":1.7449498531187096e+09,"episode/rew_feet_air_time":-0.12249214947223663,"loss/surrogate_loss":-0.0011408266378566622,"loss/value_function":0.014810674590989947,"episode/rew_termination":-0.00011284722131676972,"episode/rew_collision":0,"episode/rew_stand_still":0}