{"episode/rew_action_rate":-0.013154278509318829,"_timestamp":1.7447080691143835e+09,"episode/rew_dof_pos_limits":-7.35846924726502e-07,"episode/rew_termination":-0.0016503760125488043,"fps":15940,"episode/rew_tracking_ang_vel":0.17696809768676758,"_runtime":61.309731438,"episode/rew_pitch":-0.13761112093925476,"episode/rew_lin_vel_z":-0.1597895324230194,"loss/value_function":0.19394226297736167,"episode/rew_dof_acc":-0.2433655709028244,"train/mean_reward":7.53872368901968,"_wandb":{"runtime":61},"episode/rew_torques":-0.05505999177694321,"episode/rew_tracking_lin_vel":1.4043282270431519,"loss/surrogate_loss":0.003969566524028778,"learning_rate":0.0008649755859375004,"episode/rew_dof_vel":-0.00019803752365987748,"_step":8,"episode/rew_feet_air_time":-0.05762463063001633,"episode/rew_orientation":-0.10446688532829285,"train/mean_episode_length":281.83,"episode/rew_collision":-8.680555765749887e-06,"episode/rew_ang_vel_xy":-0.09804797172546387,"episode/rew_stand_still":0}