{"train/mean_episode_length":290.3,"episode/rew_feet_air_time":-0.019252270460128784,"_step":19,"episode/rew_stand_still":0,"episode/rew_base_height":0.964200496673584,"episode/rew_collision":-0.0002640638849698007,"episode/rew_foot_clearance":0.01099635474383831,"fps":23752,"episode/rew_termination":-0.0007901852368377149,"loss/value_function":1.2583918213844298,"episode/rew_pitch":-0.08935817331075668,"episode/rew_dof_acc":-0.11210332810878754,"_runtime":91.024616838,"loss/surrogate_loss":0.003288402469479479,"episode/rew_dof_vel":-9.699828660814092e-05,"episode/rew_action_rate":-0.0062559908255934715,"train/mean_reward":26.391295404434203,"episode/rew_lin_vel_z":-0.18572251498699188,"episode/rew_torques":-0.026107456535100937,"episode/rew_tracking_ang_vel":0.03867720440030098,"episode/rew_ang_vel_xy":-0.05054972693324089,"episode/rew_dof_pos_limits":-1.0781944865811965e-06,"episode/rew_orientation":-0.006946202367544174,"_wandb":{"runtime":91},"learning_rate":0.0012974633789062506,"_timestamp":1.7446944339140499e+09,"episode/rew_tracking_lin_vel":0.6066535711288452}