{"episode/rew_termination":-0.004260416608303785,"episode/rew_ang_vel_xy":-0.1382814645767212,"train/mean_reward":36.307077655792234,"episode/rew_collision":-0.027602076530456543,"_timestamp":1.744908055162772e+09,"episode/rew_pitch":0.1110040545463562,"episode/rew_tracking_lin_vel_y":0.5345215797424316,"learning_rate":0.00017085937500000006,"episode/rew_stand_still":0,"episode/rew_feet_air_time":-0.1372358500957489,"episode/rew_dof_acc":-0.5676529407501221,"train/mean_episode_length":637.54,"episode/rew_torques":-0.03325791656970978,"_wandb":{"runtime":3478},"episode/rew_terrain_height":0.007585355546325445,"loss/value_function":0.4224489539861679,"episode/rew_dof_vel":-0.00022295780945569277,"episode/rew_orientation":-0.06595492362976074,"episode/rew_action_rate":-0.06058831512928009,"_runtime":3478.120615301,"loss/surrogate_loss":-0.0025256570625060704,"episode/rew_dof_pos_limits":-0.0013291854411363602,"fps":16721,"episode/rew_tracking_ang_vel":0.37928804755210876,"_step":589,"episode/rew_tracking_lin_vel_x":1.838253378868103}