{"_step":39,"_timestamp":1.7446496362824242e+09,"episode/rew_feet_air_time":-0.060392796993255615,"episode/rew_lin_vel_z":-0.3034895062446594,"episode/rew_ang_vel_xy":-0.12220313400030136,"episode/rew_termination":-0.0005805555265396833,"episode/rew_orientation":-0.014888891950249672,"episode/rew_pitch_forward":-0.1410117745399475,"loss/value_function":0.33130986243486404,"episode/rew_dof_vel":-0.00024347924045287073,"fps":24527,"episode/rew_tracking_ang_vel":0.10590209811925888,"train/mean_episode_length":779.29,"episode/rew_torques":-0.6795158386230469,"loss/surrogate_loss":0.004649213142693042,"_wandb":{"runtime":160},"learning_rate":0.00017085937500000009,"_runtime":160.926725748,"episode/rew_dof_acc":-0.36392807960510254,"episode/rew_tracking_lin_vel":0.8707680702209473,"episode/rew_action_rate":-0.020596567541360855,"episode/rew_base_height":1.2362616062164307,"episode/rew_stand_still":0,"train/mean_reward":8.887311054766178,"episode/rew_dof_pos_limits":-1.0055133543573902e-06,"episode/rew_foot_clearance":0,"episode/rew_collision":-0.0022374996915459633}