{"episode/rew_ang_vel_xy":-0.09967619180679321,"train/mean_reward":32.30520746231079,"episode/rew_action_rate":-0.04020604491233826,"_runtime":2267.618843633,"learning_rate":0.0002562890625000001,"episode/rew_tracking_lin_vel_x":1.582557201385498,"episode/rew_stand_still":0,"episode/rew_dof_acc":-0.42619526386260986,"loss/surrogate_loss":-0.002212438242713688,"train/mean_episode_length":597.37,"episode/rew_feet_air_time":-0.17229139804840088,"_step":365,"_wandb":{"runtime":2267},"episode/rew_tracking_ang_vel":0.3494548201560974,"episode/rew_torques":-0.028636883944272995,"episode/rew_collision":-0.02195991575717926,"episode/rew_termination":-0.0042953453958034515,"episode/rew_orientation":-0.058339349925518036,"episode/rew_terrain_height":0.0006674043834209442,"episode/rew_dof_pos_limits":-0.0008149896748363972,"episode/rew_tracking_lin_vel_y":0.4924054741859436,"loss/value_function":0.38504125326871874,"fps":14014,"_timestamp":1.7449139043400083e+09,"episode/rew_dof_vel":-0.00020876931375823915}