{"episode/rew_torques":-0.09543722867965698,"episode/rew_termination":-0.000324999971780926,"train/mean_episode_length":1190.72,"fps":33506,"learning_rate":5.062500000000002e-05,"episode/rew_orientation":-0.05240791290998459,"episode/rew_tracking_ang_vel":0.7084753513336182,"episode/rew_terrain_height":2.598729133605957,"episode/rew_dof_vel":-0.0002649123780429363,"loss/value_function":0.41263763457536695,"episode/rew_dof_pos_limits":-0.0018528993241488934,"_timestamp":1.744718510270521e+09,"_step":999,"episode/rew_collision":-0.009665276855230331,"episode/rew_pitch":0.3943968713283539,"loss/surrogate_loss":0.003188625895563746,"_wandb":{"runtime":4107},"episode/rew_feet_air_time":-0.18314003944396973,"episode/rew_dof_acc":-0.8308426141738892,"_runtime":4107.843099316,"train/mean_reward":160.46118408203125,"episode/rew_stand_still":0,"episode/rew_tracking_lin_vel_y":0.8403312563896179,"episode/rew_ang_vel_xy":-0.1896543949842453,"episode/rew_tracking_lin_vel_x":3.355654239654541,"episode/rew_action_rate":-0.11838071048259735}