{"episode/rew_dof_vel":-0.00010579671652521938,"_step":31,"train/mean_reward":0.611019441485405,"episode/rew_base_height":0.46685656905174255,"episode/rew_action_rate":-0.007057329639792442,"episode/rew_stand_still":0,"episode/rew_orientation":-0.007725478149950504,"fps":23810,"loss/value_function":0.1557205654680729,"episode/rew_dof_acc":-0.1308126151561737,"_runtime":137.124095384,"_wandb":{"runtime":137},"episode/rew_tracking_ang_vel":0.047474682331085205,"learning_rate":7.593750000000004e-05,"episode/rew_ang_vel_xy":-0.05128244683146477,"episode/rew_collision":-0.00027583332848735154,"episode/rew_foot_clearance":0.01571756601333618,"episode/rew_pitch_forward":-0.15539318323135376,"episode/rew_torques":-0.28842729330062866,"train/mean_episode_length":356.89,"episode/rew_feet_air_time":-0.017235174775123596,"episode/rew_dof_pos_limits":-7.031875384200248e-07,"episode/rew_termination":-0.0007999999797903001,"episode/rew_tracking_lin_vel":0.32966992259025574,"_timestamp":1.7446511422852361e+09,"episode/rew_lin_vel_z":-0.19721285998821259,"loss/surrogate_loss":0.0032229404350800905}