{"episode/rew_dof_vel":-6.239378126338124e-05,"episode/rew_tracking_ang_vel":0.22216390073299408,"train/mean_episode_length":588.24,"episode/rew_termination":-0.0023533334024250507,"episode/rew_collision":-0.013669563457369804,"episode/rew_dof_acc":-0.23393341898918152,"episode/rew_ang_vel_xy":-0.05890573188662529,"fps":19563,"_timestamp":1.7448043535353923e+09,"loss/value_function":0.7024981141090393,"episode/rew_tracking_lin_vel_x":1.9462318420410156,"_step":1499,"episode/rew_terrain_height":0.0003158332547172904,"episode/rew_tracking_lin_vel_y":0.37795305252075195,"loss/surrogate_loss":0.0004266432708391221,"_runtime":9293.250979489,"episode/rew_orientation":-0.034452468156814575,"_wandb":{"runtime":9293},"episode/rew_torques":-0.07264146208763123,"episode/rew_displacement_x":0.05901074409484863,"episode/rew_feet_air_time":-0.06345000863075256,"episode/rew_pitch":0.18829087913036346,"episode/rew_action_rate":-0.17549261450767517,"train/mean_reward":54.119029237627984,"episode/rew_stand_still":0,"episode/rew_dof_pos_limits":-0.0026022838428616524,"learning_rate":0.00011390625000000006}